{
	"comment": "",
	"ignore": "test",
	"package": [
		{
			"checksumSHA1": "6VGFARaK8zd23IAiDf7a+gglC8k=",
			"path": "github.com/dchest/safefile",
			"revision": "855e8d98f1852d48dde521e0522408d1fe7e836a",
			"revisionTime": "2015-10-22T12:31:44+02:00"
		},
		{
			"checksumSHA1": "M19t1y+ecnozxkTN9N5/J/uf1AI=",
			"path": "golang.org/x/sys/unix",
			"revision": "53818c742c03109fe2abe531e7f7ece7ab06a461",
			"revisionTime": "2019-04-19T09:16:35Z"
		},
		{
			"checksumSHA1": "fALlQNY1fM99NesfLJ50KguWsio=",
			"path": "gopkg.in/yaml.v2",
			"revision": "cd8b52f8269e0feb286dfeef29f8fe4d5b397e0b",
			"revisionTime": "2017-04-07T17:21:22Z"
		}
	],
	"rootPath": "github.com/kardianos/govendor"
}